date,state,positive,negative,pending,totalTestResults,hospitalizedCurrently,hospitalizedCumulative,inIcuCurrently,inIcuCumulative,onVentilatorCurrently,onVentilatorCumulative,recovered,dataQualityGrade,lastUpdateEt,dateModified,checkTimeEt,death,hospitalized,dateChecked,totalTestsViral,positiveTestsViral,negativeTestsViral,positiveCasesViral,deathConfirmed,deathProbable,totalTestEncountersViral,totalTestsPeopleViral,totalTestsAntibody,positiveTestsAntibody,negativeTestsAntibody,totalTestsPeopleAntibody,positiveTestsPeopleAntibody,negativeTestsPeopleAntibody,totalTestsPeopleAntigen,positiveTestsPeopleAntigen,totalTestsAntigen,positiveTestsAntigen,fips,positiveIncrease,negativeIncrease,total,totalTestResultsSource,totalTestResultsIncrease,posNeg,deathIncrease,hospitalizedIncrease,hash,commercialScore,negativeRegularScore,negativeScore,positiveScore,score,grade
20200924,NY,452847,9775798,,10228645,500.0,89995.0,145.0,,72.0,,76382.0,A,9/23/2020 23:59,2020-09-23T23:59:00Z,09/23 19:59,25439.0,89995.0,2020-09-23T23:59:00Z,,,,452847.0,,,10228645.0,,,,,,,,,,,,36,955,91998,10228645,posNeg,92953,10228645,2,0,63ceae8617c69dd2e696b201ec2dd6059b8d0350,0,0,0,0,0,
20200923,NY,451892,9683800,,10135692,490.0,89995.0,141.0,,68.0,,76306.0,A,9/22/2020 23:59,2020-09-22T23:59:00Z,09/22 19:59,25437.0,89995.0,2020-09-22T23:59:00Z,,,,451892.0,,,10135692.0,,,,,,,,,,,,36,665,70265,10135692,posNeg,70930,10135692,5,0,73a23ab7c0b6b78e67d67b6925fc08a799485733,0,0,0,0,0,
20200922,NY,451227,9613535,,10064762,470.0,89995.0,133.0,,67.0,,76246.0,A,9/21/2020 23:59,2020-09-21T23:59:00Z,09/21 19:59,25432.0,89995.0,2020-09-21T23:59:00Z,,,,451227.0,,,10064762.0,,,,,,,,,,,,36,754,83243,10064762,posNeg,83997,10064762,4,0,acfffc57985c0dd288e364f084a74119a9415495,0,0,0,0,0,
20200921,NY,450473,9530292,,9980765,468.0,89995.0,134.0,,66.0,,76218.0,A,9/20/2020 23:59,2020-09-20T23:59:00Z,09/20 19:59,25428.0,89995.0,2020-09-20T23:59:00Z,,,,450473.0,,,9980765.0,,,,,,,,,,,,36,573,57746,9980765,posNeg,58319,9980765,1,0,6e223bb0204780c57bf975ab107522993c6290f8,0,0,0,0,0,
20200920,NY,449900,9472546,,9922446,468.0,89995.0,132.0,,60.0,,76179.0,A,9/19/2020 23:59,2020-09-19T23:59:00Z,09/19 19:59,25427.0,89995.0,2020-09-19T23:59:00Z,,,,449900.0,,,9922446.0,,,,,,,,,,,,36,862,99493,9922446,posNeg,100355,9922446,2,0,b9792dc99d6549db085101b4cec82e1ef562405f,0,0,0,0,0,
20200919,NY,449038,9373053,,9822091,467.0,89995.0,144.0,,60.0,,76101.0,A,9/18/2020 23:59,2020-09-18T23:59:00Z,09/18 19:59,25425.0,89995.0,2020-09-18T23:59:00Z,,,,449038.0,,,9822091.0,,,,,,,,,,,,36,986,109458,9822091,posNeg,110444,9822091,2,0,6428fa42a0444dfe549a7a14c8e0e10ffbb91404,0,0,0,0,0,
20200918,NY,448052,9263595,,9711647,478.0,89995.0,141.0,,62.0,,76036.0,A,9/17/2020 23:59,2020-09-17T23:59:00Z,09/17 19:59,25423.0,89995.0,2020-09-17T23:59:00Z,,,,448052.0,,,9711647.0,,,,,,,,,,,,36,790,88937,9711647,posNeg,89727,9711647,10,0,484099c5cadb392fbd9a1cdd91d0dfbb3d880cf9,0,0,0,0,0,
20200917,NY,447262,9174658,,9621920,486.0,89995.0,135.0,,68.0,,75962.0,A,9/16/2020 23:59,2020-09-16T23:59:00Z,09/16 19:59,25413.0,89995.0,2020-09-16T23:59:00Z,,,,447262.0,,,9621920.0,,,,,,,,,,,,36,896,90608,9621920,posNeg,91504,9621920,3,0,5e44bc2c7424a256603012991c84a330c2f41244,0,0,0,0,0,
20200916,NY,446366,9084050,,9530416,483.0,89995.0,138.0,,67.0,,75903.0,A,9/15/2020 23:59,2020-09-15T23:59:00Z,09/15 19:59,25410.0,89995.0,2020-09-15T23:59:00Z,,,,446366.0,,,9530416.0,,,,,,,,,,,,36,652,74435,9530416,posNeg,75087,9530416,5,0,247d677a0fea26706b310e8053dd5198afd55927,0,0,0,0,0,
20200915,NY,445714,9009615,,9455329,481.0,89995.0,144.0,,60.0,,75847.0,A,9/14/2020 23:59,2020-09-14T23:59:00Z,09/14 19:59,25405.0,89995.0,2020-09-14T23:59:00Z,,,,445714.0,,,9455329.0,,,,,,,,,,,,36,766,72912,9455329,posNeg,73678,9455329,11,0,dff1d805592ccd3c7f86828c445b52061d34bd97,0,0,0,0,0,
20200914,NY,444948,8936703,,9381651,464.0,89995.0,143.0,,59.0,,75814.0,A,9/13/2020 23:59,2020-09-13T23:59:00Z,09/13 19:59,25394.0,89995.0,2020-09-13T23:59:00Z,,,,444948.0,,,9381651.0,,,,,,,,,,,,36,583,62775,9381651,posNeg,63358,9381651,4,0,6a2fb762bc87056f5df959d1f8988e03ed4f2e95,0,0,0,0,0,
20200913,NY,444365,8873928,,9318293,464.0,89995.0,131.0,,54.0,,75767.0,A,9/12/2020 23:59,2020-09-12T23:59:00Z,09/12 19:59,25390.0,89995.0,2020-09-12T23:59:00Z,,,,444365.0,,,9318293.0,,,,,,,,,,,,36,725,71943,9318293,posNeg,72668,9318293,6,0,610a4052d28f86b5f307476f7ee7dfe297d0d413,0,0,0,0,0,
20200912,NY,443640,8801985,,9245625,467.0,89995.0,127.0,,51.0,,75707.0,A,9/11/2020 23:59,2020-09-11T23:59:00Z,09/11 19:59,25384.0,89995.0,2020-09-11T23:59:00Z,,,,443640.0,,,9245625.0,,,,,,,,,,,,36,849,102076,9245625,posNeg,102925,9245625,2,0,0cf0f61afa5b762948ea7155234f87dd4687c02d,0,0,0,0,0,
20200911,NY,442791,8699909,,9142700,474.0,89995.0,120.0,,54.0,,75649.0,A,9/10/2020 23:59,2020-09-10T23:59:00Z,09/10 19:59,25382.0,89995.0,2020-09-10T23:59:00Z,,,,442791.0,,,9142700.0,,,,,,,,,,,,36,880,88842,9142700,posNeg,89722,9142700,5,0,63317d552d6e6d7a3c8b5ad3d31be983619285c7,0,0,0,0,0,
20200910,NY,441911,8611067,,9052978,482.0,89995.0,120.0,,55.0,,75584.0,A,9/9/2020 23:59,2020-09-09T23:59:00Z,09/09 19:59,25377.0,89995.0,2020-09-09T23:59:00Z,,,,441911.0,,,9052978.0,,,,,,,,,,,,36,757,76056,9052978,posNeg,76813,9052978,7,0,50388c162469103edd8aa989376183428edf4d5a,0,0,0,0,0,
20200909,NY,441154,8535011,,8976165,463.0,89995.0,121.0,,59.0,,75539.0,A,9/8/2020 23:59,2020-09-08T23:59:00Z,09/08 19:59,25370.0,89995.0,2020-09-08T23:59:00Z,,,,441154.0,,,8976165.0,,,,,,,,,,,,36,576,62654,8976165,posNeg,63230,8976165,3,0,55a83ddf98544f94f43247f3f2b867ddc267d31b,0,0,0,0,0,
20200908,NY,440578,8472357,,8912935,445.0,89995.0,114.0,,52.0,,75503.0,A,9/7/2020 23:59,2020-09-07T23:59:00Z,09/07 19:59,25367.0,89995.0,2020-09-07T23:59:00Z,,,,440578.0,,,8912935.0,,,,,,,,,,,,36,557,57269,8912935,posNeg,57826,8912935,6,0,ddf12ebad36c51d7af4583850933a3651b9c84de,0,0,0,0,0,
20200907,NY,440021,8415088,,8855109,413.0,89995.0,115.0,,57.0,,75471.0,A,9/6/2020 23:59,2020-09-06T23:59:00Z,09/06 19:59,25361.0,89995.0,2020-09-06T23:59:00Z,,,,440021.0,,,8855109.0,,,,,,,,,,,,36,520,58345,8855109,posNeg,58865,8855109,2,0,7e62930bca20ae62a1151493d16c77b25b554aca,0,0,0,0,0,
20200906,NY,439501,8356743,,8796244,410.0,89995.0,119.0,,56.0,,75425.0,A,9/5/2020 23:59,2020-09-05T23:59:00Z,09/05 19:59,25359.0,89995.0,2020-09-05T23:59:00Z,,,,439501.0,,,8796244.0,,,,,,,,,,,,36,729,84901,8796244,posNeg,85630,8796244,9,0,3bf75f818e8b5651e2001768273bbdbdd9cb4b80,0,0,0,0,0,
20200905,NY,438772,8271842,,8710614,425.0,89995.0,115.0,,61.0,,75366.0,A,9/4/2020 23:59,2020-09-04T23:59:00Z,09/04 19:59,25350.0,89995.0,2020-09-04T23:59:00Z,,,,438772.0,,,8710614.0,,,,,,,,,,,,36,801,98960,8710614,posNeg,99761,8710614,2,0,3203352b567beff063498834de2f7f01c331486a,0,0,0,0,0,
20200904,NY,437971,8172882,,8610853,428.0,89995.0,116.0,,61.0,,75307.0,A,9/3/2020 23:59,2020-09-03T23:59:00Z,09/03 19:59,25348.0,89995.0,2020-09-03T23:59:00Z,,,,437971.0,,,8610853.0,,,,,,,,,,,,36,864,92531,8610853,posNeg,93395,8610853,5,0,18762f2912fe18101bc38d267a7f6db302529703,0,0,0,0,0,
20200903,NY,437107,8080351,,8517458,430.0,89995.0,117.0,,61.0,,75255.0,A,9/2/2020 23:59,2020-09-02T23:59:00Z,09/02 19:59,25343.0,89995.0,2020-09-02T23:59:00Z,,,,437107.0,,,8517458.0,,,,,,,,,,,,36,889,88092,8517458,posNeg,88981,8517458,7,0,23bb71914bc2556573b3c3badd07482ff66818e8,0,0,0,0,0,
20200902,NY,436218,7992259,,8428477,445.0,89995.0,117.0,,61.0,,75203.0,A,9/1/2020 23:59,2020-09-01T23:59:00Z,09/01 19:59,25336.0,89995.0,2020-09-01T23:59:00Z,,,,436218.0,,,8428477.0,,,,,,,,,,,,36,708,87739,8428477,posNeg,88447,8428477,5,0,5ea8d5920a5729dc75a1fe74eba5f9d63e9e6f50,0,0,0,0,0,
20200901,NY,435510,7904520,,8340030,432.0,89995.0,109.0,,54.0,,75142.0,A,8/31/2020 23:59,2020-08-31T23:59:00Z,08/31 19:59,25331.0,89995.0,2020-08-31T23:59:00Z,,,,435510.0,,,8340030.0,,,,,,,,,,,,36,754,76243,8340030,posNeg,76997,8340030,3,0,c44ccd2e7c5574b2562dbf5157d55f63b83b6802,0,0,0,0,0,
20200831,NY,434756,7828277,,8263033,418.0,89995.0,109.0,,51.0,,75100.0,A,8/30/2020 23:59,2020-08-30T23:59:00Z,08/30 19:59,25328.0,89995.0,2020-08-30T23:59:00Z,,,,434756.0,,,8263033.0,,,,,,,,,,,,36,656,65585,8263033,posNeg,66241,8263033,1,0,4cdd8f106eb6199e4f70808f9688056bfcf3df47,0,0,0,0,0,
20200830,NY,434100,7762692,,8196792,429.0,89995.0,112.0,,47.0,,75062.0,A,8/29/2020 23:59,2020-08-29T23:59:00Z,08/29 19:59,25327.0,89995.0,2020-08-29T23:59:00Z,,,,434100.0,,,8196792.0,,,,,,,,,,,,36,698,99324,8196792,posNeg,100022,8196792,8,0,ae539bab74cd3b94d2b78f19f2c51ebbb678a362,0,0,0,0,0,
20200829,NY,433402,7663368,,8096770,458.0,89995.0,116.0,,48.0,,74990.0,A,8/28/2020 23:59,2020-08-28T23:59:00Z,08/28 19:59,25319.0,89995.0,2020-08-28T23:59:00Z,,,,433402.0,,,8096770.0,,,,,,,,,,,,36,635,93238,8096770,posNeg,93873,8096770,7,0,c5929ef7c521aa31b39a8ecf265e85468133c8c3,0,0,0,0,0,
20200828,NY,432767,7570130,,8002897,478.0,89995.0,122.0,,51.0,,74923.0,A,8/27/2020 23:59,2020-08-27T23:59:00Z,08/27 19:59,25312.0,89995.0,2020-08-27T23:59:00Z,,,,432767.0,,,8002897.0,,,,,,,,,,,,36,636,97190,8002897,posNeg,97826,8002897,3,0,260ced8b71e7dd9841fd78aeb9e62b691834cf41,0,0,0,0,0,
20200827,NY,432131,7472940,,7905071,490.0,89995.0,126.0,,52.0,,74850.0,A,8/26/2020 23:59,2020-08-26T23:59:00Z,08/26 19:59,25309.0,89995.0,2020-08-26T23:59:00Z,,,,432131.0,,,7905071.0,,,,,,,,,,,,36,791,82646,7905071,posNeg,83437,7905071,4,0,eefd2e1d2d3eafa81c1c29d221af1624842021ac,0,0,0,0,0,
20200826,NY,431340,7390294,,7821634,492.0,89995.0,136.0,,54.0,,74791.0,A,8/25/2020 23:59,2020-08-25T23:59:00Z,08/25 19:59,25305.0,89995.0,2020-08-25T23:59:00Z,,,,431340.0,,,7821634.0,,,,,,,,,,,,36,566,70623,7821634,posNeg,71189,7821634,8,0,5ab28c1c2a03fc0ae4e754603a7c527c67bc252a,0,0,0,0,0,
20200825,NY,430774,7319671,,7750445,488.0,89995.0,133.0,,52.0,,74731.0,A,8/24/2020 23:59,2020-08-24T23:59:00Z,08/24 19:59,25297.0,89995.0,2020-08-24T23:59:00Z,,,,430774.0,,,7750445.0,,,,,,,,,,,,36,629,66626,7750445,posNeg,67255,7750445,2,0,3f2993f8c99b046448192b5625135a764b756e9c,0,0,0,0,0,
20200824,NY,430145,7253045,,7683190,482.0,89995.0,120.0,,54.0,,74684.0,A,8/23/2020 23:59,2020-08-23T23:59:00Z,08/23 19:59,25295.0,89995.0,2020-08-23T23:59:00Z,,,,430145.0,,,7683190.0,,,,,,,,,,,,36,408,61623,7683190,posNeg,62031,7683190,7,0,771471ca9c1c3e833bb99b1714cbf43425ddfde6,0,0,0,0,0,
20200823,NY,429737,7191422,,7621159,472.0,89995.0,110.0,,50.0,,74640.0,A,8/22/2020 23:59,2020-08-22T23:59:00Z,08/22 19:59,25288.0,89995.0,2020-08-22T23:59:00Z,,,,429737.0,,,7621159.0,,,,,,,,,,,,36,572,73471,7621159,posNeg,74043,7621159,6,0,3d258fc0c89e1702cf662eec8effc2b138fc88ea,0,0,0,0,0,
20200822,NY,429165,7117951,,7547116,483.0,89995.0,116.0,,56.0,,74553.0,A,8/21/2020 23:59,2020-08-21T23:59:00Z,08/21 19:59,25282.0,89995.0,2020-08-21T23:59:00Z,,,,429165.0,,,7547116.0,,,,,,,,,,,,36,653,94196,7547116,posNeg,94849,7547116,4,0,4bc902b0e3bb9ac710eea8e4ad3a18aa18c3ed8f,0,0,0,0,0,
20200821,NY,428512,7023755,,7452267,490.0,89995.0,119.0,,58.0,,74485.0,A,8/20/2020 23:59,2020-08-20T23:59:00Z,08/20 19:59,25278.0,89995.0,2020-08-20T23:59:00Z,,,,428512.0,,,7452267.0,,,,,,,,,,,,36,709,98171,7452267,posNeg,98880,7452267,3,0,40a692ac4fbc58d36404c6d2356157a28430c1a7,0,0,0,0,0,
20200820,NY,427803,6925584,,7353387,518.0,89995.0,120.0,,62.0,,74406.0,A,8/19/2020 23:59,2020-08-19T23:59:00Z,08/19 19:59,25275.0,89995.0,2020-08-19T23:59:00Z,,,,427803.0,,,7353387.0,,,,,,,,,,,,36,601,80383,7353387,posNeg,80984,7353387,5,0,79752d471f7254211eeb0dc9b377535dfbdd2fd4,0,0,0,0,0,
20200819,NY,427202,6845201,,7272403,548.0,89995.0,131.0,,60.0,,74328.0,A,8/18/2020 23:59,2020-08-18T23:59:00Z,08/18 19:59,25270.0,89995.0,2020-08-18T23:59:00Z,,,,427202.0,,,7272403.0,,,,,,,,,,,,36,631,79794,7272403,posNeg,80425,7272403,6,0,2634305cbad71daa1b096845b6eb75e6e3478bea,0,0,0,0,0,
20200818,NY,426571,6765407,,7191978,537.0,89995.0,126.0,,60.0,,74258.0,A,8/17/2020 23:59,2020-08-17T23:59:00Z,08/17 19:59,25264.0,89995.0,2020-08-17T23:59:00Z,,,,426571.0,,,7191978.0,,,,,,,,,,,,36,655,66236,7191978,posNeg,66891,7191978,8,0,68ae0c502bc8dee13dcda9651eb2a1366b558b57,0,0,0,0,0,
20200817,NY,425916,6699171,,7125087,534.0,89995.0,133.0,,64.0,,74207.0,A,8/16/2020 23:59,2020-08-16T23:59:00Z,08/16 19:59,25256.0,89995.0,2020-08-16T23:59:00Z,,,,425916.0,,,7125087.0,,,,,,,,,,,,36,408,56483,7125087,posNeg,56891,7125087,6,0,a61b094ea52f6575528f75a16d384290dafc3702,0,0,0,0,0,
20200816,NY,425508,6642688,,7068196,527.0,89995.0,128.0,,59.0,,74154.0,A,8/15/2020 23:59,2020-08-15T23:59:00Z,08/15 19:59,25250.0,89995.0,2020-08-15T23:59:00Z,,,,425508.0,,,7068196.0,,,,,,,,,,,,36,607,77085,7068196,posNeg,77692,7068196,6,0,de87641fe8ec35e31a507f8dceb5b5a89d1fcef4,0,0,0,0,0,
20200815,NY,424901,6565603,,6990504,523.0,89995.0,120.0,,58.0,,74081.0,A,8/14/2020 23:59,2020-08-14T23:59:00Z,08/14 19:59,25244.0,89995.0,2020-08-14T23:59:00Z,,,,424901.0,,,6990504.0,,,,,,,,,,,,36,734,87934,6990504,posNeg,88668,6990504,12,0,016cbb11300325b9924c191d8ac6f566d5abcc30,0,0,0,0,0,
20200814,NY,424167,6477669,,6901836,554.0,89995.0,127.0,,59.0,,73997.0,A,8/13/2020 23:59,2020-08-13T23:59:00Z,08/13 19:59,25232.0,89995.0,2020-08-13T23:59:00Z,,,,424167.0,,,6901836.0,,,,,,,,,,,,36,727,84728,6901836,posNeg,85455,6901836,4,0,5b7f677cdd9a26e940edabcbb8c5d3e7b5a26a20,0,0,0,0,0,
20200813,NY,423440,6392941,,6816381,555.0,89995.0,124.0,,56.0,,73907.0,A,8/12/2020 23:59,2020-08-12T23:59:00Z,08/12 19:59,25228.0,89995.0,2020-08-12T23:59:00Z,,,,423440.0,,,6816381.0,,,,,,,,,,,,36,737,87163,6816381,posNeg,87900,6816381,10,0,8c613516a7f353a5026fa0141ac76f486aae5606,0,0,0,0,0,
20200812,NY,422703,6305778,,6728481,558.0,89995.0,123.0,,62.0,,73842.0,A,8/11/2020 23:59,2020-08-11T23:59:00Z,08/11 19:59,25218.0,89995.0,2020-08-11T23:59:00Z,,,,422703.0,,,6728481.0,,,,,,,,,,,,36,700,87076,6728481,posNeg,87776,6728481,7,0,bd000a884749aef4aaf9deb5d176aabcbb391b2e,0,0,0,0,0,
20200811,NY,422003,6218702,,6640705,540.0,89995.0,120.0,,60.0,,73779.0,A,8/10/2020 23:59,2020-08-10T23:59:00Z,08/10 19:59,25211.0,89995.0,2020-08-10T23:59:00Z,,,,422003.0,,,6640705.0,,,,,,,,,,,,36,667,76392,6640705,posNeg,77059,6640705,7,0,938890e307d382056b61e7210237d7fb0e8bd061,0,0,0,0,0,
20200810,NY,421336,6142310,,6563646,535.0,89995.0,127.0,,62.0,,73736.0,A,8/9/2020 23:59,2020-08-09T23:59:00Z,08/09 19:59,25204.0,89995.0,2020-08-09T23:59:00Z,,,,421336.0,,,6563646.0,,,,,,,,,,,,36,476,53526,6563646,posNeg,54002,6563646,2,0,0fd9a1e3dc29b0ff602d8e1dc335535398db60ec,0,0,0,0,0,
20200809,NY,420860,6088784,,6509644,548.0,89995.0,131.0,,66.0,,73689.0,A,8/8/2020 23:59,2020-08-08T23:59:00Z,08/08 19:59,25202.0,89995.0,2020-08-08T23:59:00Z,,,,420860.0,,,6509644.0,,,,,,,,,,,,36,515,65297,6509644,posNeg,65812,6509644,7,0,905eb485f965f7e2d1ea89a17c64eda2ad6aff19,0,0,0,0,0,
20200808,NY,420345,6023487,,6443832,573.0,89995.0,133.0,,64.0,,73609.0,A,8/7/2020 23:59,2020-08-07T23:59:00Z,08/07 19:59,25195.0,89995.0,2020-08-07T23:59:00Z,,,,420345.0,,,6443832.0,,,,,,,,,,,,36,703,74154,6443832,posNeg,74857,6443832,5,0,d64d9270b3fdb6f2f2bfcbab0a7fe8eec55c326d,0,0,0,0,0,
20200807,NY,419642,5949333,,6368975,579.0,89995.0,139.0,,66.0,,73530.0,A,8/6/2020 23:59,2020-08-06T23:59:00Z,08/06 19:59,25190.0,89995.0,2020-08-06T23:59:00Z,,,,419642.0,,,6368975.0,,,,,,,,,,,,36,714,69456,6368975,posNeg,70170,6368975,5,0,8276b5e39343fe525ddf58f3c4750244f6492abd,0,0,0,0,0,
20200806,NY,418928,5879877,,6298805,570.0,89995.0,132.0,,69.0,,73472.0,A,8/5/2020 23:59,2020-08-05T23:59:00Z,08/05 19:59,25185.0,89995.0,2020-08-05T23:59:00Z,,,,418928.0,,,6298805.0,,,,,,,,,,,,36,703,71667,6298805,posNeg,72370,6298805,6,0,383148b0a7825ca61c6ce25e56526c8608eff799,0,0,0,0,0,
20200805,NY,418225,5808210,,6226435,564.0,89995.0,134.0,,69.0,,73410.0,A,8/4/2020 23:59,2020-08-04T23:59:00Z,08/04 19:59,25179.0,89995.0,2020-08-04T23:59:00Z,,,,418225.0,,,6226435.0,,,,,,,,,,,,36,636,72032,6226435,posNeg,72668,6226435,4,0,30e19968edb7121032330300ab6da902eb6855ff,0,0,0,0,0,
20200804,NY,417589,5736178,,6153767,568.0,89995.0,139.0,,69.0,,73326.0,A,8/3/2020 23:59,2020-08-03T23:59:00Z,08/03 19:59,25175.0,89995.0,2020-08-03T23:59:00Z,,,,417589.0,,,6153767.0,,,,,,,,,,,,36,746,70247,6153767,posNeg,70993,6153767,3,0,e02a824614768b699a23fc1ffc622bdb6c04bc00,0,0,0,0,0,
20200803,NY,416843,5665931,,6082774,536.0,89995.0,136.0,,62.0,,73279.0,A,8/2/2020 23:59,2020-08-02T23:59:00Z,08/02 19:59,25172.0,89995.0,2020-08-02T23:59:00Z,,,,416843.0,,,6082774.0,,,,,,,,,,,,36,545,51294,6082774,posNeg,51839,6082774,2,0,8a83abec7d67bcda898f047def9bdb0ee2b1b555,0,0,0,0,0,
20200802,NY,416298,5614637,,6030935,556.0,89995.0,143.0,,71.0,,73222.0,A,8/1/2020 23:59,2020-08-01T23:59:00Z,08/01 19:59,25170.0,89995.0,2020-08-01T23:59:00Z,,,,416298.0,,,6030935.0,,,,,,,,,,,,36,531,58430,6030935,posNeg,58961,6030935,6,0,8acbfeb1befc0814a99f475c70e6fb8432c9060b,0,0,0,0,0,
20200801,NY,415767,5556207,,5971974,581.0,89995.0,147.0,,72.0,,73134.0,A,7/31/2020 15:35,2020-07-31T15:35:00Z,07/31 11:35,25164.0,89995.0,2020-07-31T15:35:00Z,,,,415767.0,,,5971974.0,,,,,,,,,,,,36,753,81984,5971974,posNeg,82737,5971974,14,0,cfb8fd3245d8f5c82e53fdf3e77825bfc3e9f3f9,0,0,0,0,0,
20200731,NY,415014,5474223,,5889237,576.0,89995.0,140.0,,70.0,,73055.0,A,7/30/2020 23:59,2020-07-30T23:59:00Z,07/30 19:59,25150.0,89995.0,2020-07-30T23:59:00Z,,,,415014.0,,,5889237.0,,,,,,,,,,,,36,644,68225,5889237,posNeg,68869,5889237,5,0,fa3c407f75361c676e6f96f40b58b7cdf7e421b7,0,0,0,0,0,
20200730,NY,414370,5405998,,5820368,586.0,89995.0,142.0,,72.0,,72973.0,A,7/29/2020 23:59,2020-07-29T23:59:00Z,07/29 19:59,25145.0,89995.0,2020-07-29T23:59:00Z,,,,414370.0,,,5820368.0,,,,,,,,,,,,36,777,72769,5820368,posNeg,73546,5820368,13,0,4fde8e8b8e647211ec34dabd0d3d601a55e21427,0,0,0,0,0,
20200729,NY,413593,5333229,,5746822,619.0,89995.0,154.0,,76.0,,72900.0,A,7/28/2020 23:59,2020-07-28T23:59:00Z,07/28 19:59,25132.0,89995.0,2020-07-28T23:59:00Z,,,,413593.0,,,5746822.0,,,,,,,,,,,,36,715,61561,5746822,posNeg,62276,5746822,6,0,bd506ec2b4a31a12f5b087e00e75b7fb5072bc99,0,0,0,0,0,
20200728,NY,412878,5271668,,5684546,648.0,89995.0,152.0,,81.0,,72813.0,A,7/27/2020 23:59,2020-07-27T23:59:00Z,07/27 19:59,25126.0,89995.0,2020-07-27T23:59:00Z,,,,412878.0,,,5684546.0,,,,,,,,,,,,36,534,56863,5684546,posNeg,57397,5684546,9,0,d2cfd24bb01ba9b8e001c750b1f77a7008403cbf,0,0,0,0,0,
20200727,NY,412344,5214805,,5627149,642.0,89995.0,149.0,,84.0,,72766.0,A,7/26/2020 23:59,2020-07-26T23:59:00Z,07/26 19:59,25117.0,89995.0,2020-07-26T23:59:00Z,,,,412344.0,,,5627149.0,,,,,,,,,,,,36,608,56662,5627149,posNeg,57270,5627149,11,0,0183140ad77345581b02bee0c7d71c9e70de415c,0,0,0,0,0,
20200726,NY,411736,5158143,,5569879,637.0,89995.0,155.0,,90.0,,72716.0,A,7/25/2020 23:59,2020-07-25T23:59:00Z,07/25 19:59,25106.0,89995.0,2020-07-25T23:59:00Z,,,,411736.0,,,5569879.0,,,,,,,,,,,,36,536,53032,5569879,posNeg,53568,5569879,3,0,4546708912d1345918fb6b06995f116e30b32b30,0,0,0,0,0,
20200725,NY,411200,5105111,,5516311,646.0,89995.0,149.0,,94.0,,72632.0,A,7/24/2020 23:59,2020-07-24T23:59:00Z,07/24 19:59,25103.0,89995.0,2020-07-24T23:59:00Z,,,,411200.0,,,5516311.0,,,,,,,,,,,,36,750,70716,5516311,posNeg,71466,5516311,13,0,6d8098eafbb6e30ac39d99d4e29d4009c41e9cb1,0,0,0,0,0,
20200724,NY,410450,5034395,,5444845,650.0,89995.0,156.0,,93.0,,72552.0,A,7/23/2020 23:59,2020-07-23T23:59:00Z,07/23 19:59,25090.0,89995.0,2020-07-23T23:59:00Z,,,,410450.0,,,5444845.0,,,,,,,,,,,,36,753,75754,5444845,posNeg,76507,5444845,9,0,6da6379e839b340020485d54ff677c097bbfa6ab,0,0,0,0,0,
20200723,NY,409697,4958641,,5368338,706.0,89995.0,160.0,,93.0,,72466.0,A,7/22/2020 23:59,2020-07-22T23:59:00Z,07/22 19:59,25081.0,89995.0,2020-07-22T23:59:00Z,,,,409697.0,,,5368338.0,,,,,,,,,,,,36,811,68887,5368338,posNeg,69698,5368338,13,0,fe2940d509adb667677ce29530b3855cdbf9cfc7,0,0,0,0,0,
20200722,NY,408886,4889754,,5298640,714.0,89995.0,179.0,,96.0,,72386.0,A,7/21/2020 23:59,2020-07-21T23:59:00Z,07/21 19:59,25068.0,89995.0,2020-07-21T23:59:00Z,,,,408886.0,,,5298640.0,,,,,,,,,,,,36,705,66954,5298640,posNeg,67659,5298640,10,0,a45661c3fa39ae20e749cdb1f980e076308f34f6,0,0,0,0,0,
20200721,NY,408181,4822800,,5230981,724.0,89995.0,163.0,,91.0,,72302.0,A,7/20/2020 23:59,2020-07-20T23:59:00Z,07/20 19:59,25058.0,89995.0,2020-07-20T23:59:00Z,,,,408181.0,,,5230981.0,,,,,,,,,,,,36,855,65314,5230981,posNeg,66169,5230981,2,0,20a5ef0c24966b1db4be1725f63d507696eb0d41,0,0,0,0,0,
20200720,NY,407326,4757486,,5164812,716.0,89995.0,158.0,,93.0,,72229.0,A,7/19/2020 23:59,2020-07-19T23:59:00Z,07/19 19:59,25056.0,89995.0,2020-07-19T23:59:00Z,,,,407326.0,,,5164812.0,,,,,,,,,,,,36,519,48823,5164812,posNeg,49342,5164812,8,0,7c2635c7fd99bec67da8f192695a45cbf5e7ddc0,0,0,0,0,0,
20200719,NY,406807,4708663,,5115470,722.0,89995.0,160.0,,96.0,,72161.0,A,7/18/2020 23:59,2020-07-18T23:59:00Z,07/18 19:59,25048.0,89995.0,2020-07-18T23:59:00Z,,,,406807.0,,,5115470.0,,,,,,,,,,,,36,502,45702,5115470,posNeg,46204,5115470,13,0,ae773efb9f6dee8c3a67a32174b6482b4650c569,0,0,0,0,0,
20200718,NY,406305,4662961,,5069266,743.0,89995.0,172.0,,100.0,,72064.0,A,7/17/2020 23:59,2020-07-17T23:59:00Z,07/17 19:59,25035.0,89995.0,2020-07-17T23:59:00Z,,,,406305.0,,,5069266.0,,,,,,,,,,,,36,754,69063,5069266,posNeg,69817,5069266,11,0,5e7eeb577f4d1b6eaa43c3ed15364fb1323a717d,0,0,0,0,0,
20200717,NY,405551,4593898,,4999449,765.0,89995.0,179.0,,98.0,,71970.0,A,7/16/2020 23:59,2020-07-16T23:59:00Z,07/16 19:59,25024.0,89995.0,2020-07-16T23:59:00Z,,,,405551.0,,,4999449.0,,,,,,,,,,,,36,776,77463,4999449,posNeg,78239,4999449,10,0,80b6f9c0c93e8c679b3f7658c718a257a7991546,0,0,0,0,0,
20200716,NY,404775,4516435,,4921210,813.0,89995.0,165.0,,88.0,,71867.0,A,7/15/2020 23:59,2020-07-15T23:59:00Z,07/15 19:59,25014.0,89995.0,2020-07-15T23:59:00Z,,,,404775.0,,,4921210.0,,,,,,,,,,,,36,769,71916,4921210,posNeg,72685,4921210,11,0,210c3718acafde1c9c61ef1ed10aef4b28a3ade6,0,0,0,0,0,
20200715,NY,404006,4444519,,4848525,831.0,89995.0,165.0,,94.0,,71782.0,A,7/14/2020 23:59,2020-07-14T23:59:00Z,07/14 19:59,25003.0,89995.0,2020-07-14T23:59:00Z,,,,404006.0,,,4848525.0,,,,,,,,,,,,36,831,62767,4848525,posNeg,63598,4848525,9,0,9f1a24b59f1b84dc6d53786e0d0338a1e430cb74,0,0,0,0,0,
20200714,NY,403175,4381752,,4784927,820.0,89995.0,167.0,,101.0,,71692.0,A,7/13/2020 23:59,2020-07-13T23:59:00Z,07/13 19:59,24994.0,89995.0,2020-07-13T23:59:00Z,,,,403175.0,,,4784927.0,,,,,,,,,,,,36,912,59133,4784927,posNeg,60045,4784927,5,0,fe35ffe51d7e32292e58ee301694ea16a465756a,0,0,0,0,0,
20200713,NY,402263,4322619,,4724882,792.0,89995.0,175.0,,103.0,,71643.0,A,7/12/2020 23:59,2020-07-12T23:59:00Z,07/12 19:59,24989.0,89995.0,2020-07-12T23:59:00Z,,,,402263.0,,,4724882.0,,,,,,,,,,,,36,557,51130,4724882,posNeg,51687,4724882,10,0,ddf169467cbb7d9628e8c4540240e0d36dcd6500,0,0,0,0,0,
20200712,NY,401706,4271489,,4673195,801.0,89995.0,174.0,,102.0,,71565.0,A,7/11/2020 23:59,2020-07-11T23:59:00Z,07/11 19:59,24979.0,89995.0,2020-07-11T23:59:00Z,,,,401706.0,,,4673195.0,,,,,,,,,,,,36,677,61741,4673195,posNeg,62418,4673195,5,0,fbc480a1874ec8ec832399b8cab2d406262cc686,0,0,0,0,0,
20200711,NY,401029,4209748,,4610777,799.0,89995.0,177.0,,100.0,,71477.0,A,7/10/2020 23:59,2020-07-10T23:59:00Z,07/10 19:59,24974.0,89995.0,2020-07-10T23:59:00Z,,,,401029.0,,,4610777.0,,,,,,,,,,,,36,730,68473,4610777,posNeg,69203,4610777,6,0,ad13b028eb1c5d8650267075e3609a852ae2de99,0,0,0,0,0,
20200710,NY,400299,4141275,,4541574,826.0,89995.0,178.0,,92.0,,71371.0,A,7/9/2020 23:59,2020-07-09T23:59:00Z,07/09 19:59,24968.0,89995.0,2020-07-09T23:59:00Z,,,,400299.0,,,4541574.0,,,,,,,,,,,,36,786,72772,4541574,posNeg,73558,4541574,9,0,3f96025faf1a92873e28f576d1bffe8accbe5ef9,0,0,0,0,0,
20200709,NY,399513,4068503,,4468016,851.0,89995.0,173.0,,98.0,,71279.0,A,7/8/2020 23:59,2020-07-08T23:59:00Z,07/08 19:59,24959.0,89995.0,2020-07-08T23:59:00Z,,,,399513.0,,,4468016.0,,,,,,,,,,,,36,584,64980,4468016,posNeg,65564,4468016,15,0,1633ffc329c4dbe0c1aa5e10ec42e289c17bb9bd,0,0,0,0,0,
20200708,NY,398929,4003523,,4402452,841.0,89995.0,166.0,,97.0,,71185.0,A,7/7/2020 23:59,2020-07-07T23:59:00Z,07/07 19:59,24944.0,89995.0,2020-07-07T23:59:00Z,,,,398929.0,,,4402452.0,,,,,,,,,,,,36,692,56893,4402452,posNeg,57585,4402452,20,0,7464c0dea1e421111c564739fa6491a4e1d3dddb,0,0,0,0,0,
20200707,NY,398237,3946630,,4344867,836.0,89995.0,160.0,,103.0,,71091.0,A,7/6/2020 23:59,2020-07-06T23:59:00Z,07/06 19:59,24924.0,89995.0,2020-07-06T23:59:00Z,,,,398237.0,,,4344867.0,,,,,,,,,,,,36,588,56148,4344867,posNeg,56736,4344867,11,0,f7db8ffee53ce3673bbf24993740eab2dc954db3,0,0,0,0,0,
20200706,NY,397649,3890482,,4288131,817.0,89995.0,170.0,,103.0,,71040.0,A,7/5/2020 23:59,2020-07-05T23:59:00Z,07/05 19:59,24913.0,89995.0,2020-07-05T23:59:00Z,,,,397649.0,,,4288131.0,,,,,,,,,,,,36,518,53810,4288131,posNeg,54328,4288131,9,0,67b5f1bfa176479174631039fda4fe9eddbba03f,0,0,0,0,0,
20200705,NY,397131,3836672,,4233803,832.0,89995.0,178.0,,116.0,,70968.0,A,7/4/2020 23:59,2020-07-04T23:59:00Z,07/04 19:59,24904.0,89995.0,2020-07-04T23:59:00Z,,,,397131.0,,,4233803.0,,,,,,,,,,,,36,533,62882,4233803,posNeg,63415,4233803,8,0,24896410af1f97957fb6ef06839711e7f70b8535,0,0,0,0,0,
20200704,NY,396598,3773790,,4170388,844.0,89995.0,190.0,,119.0,,70877.0,A,7/3/2020 23:59,2020-07-03T23:59:00Z,07/03 19:59,24896.0,89995.0,2020-07-03T23:59:00Z,,,,396598.0,,,4170388.0,,,,,,,,,,,,36,726,61677,4170388,posNeg,62403,4170388,11,0,9ac51413a7d4cebce0bf409e2afb0bedab3ddd4c,0,0,0,0,0,
20200703,NY,395872,3712113,,4107985,857.0,89995.0,188.0,,125.0,,70794.0,A,7/2/2020 23:59,2020-07-02T23:59:00Z,07/02 19:59,24885.0,89995.0,2020-07-02T23:59:00Z,,,,395872.0,,,4107985.0,,,,,,,,,,,,36,918,65474,4107985,posNeg,66392,4107985,8,0,62903ebfe2d80ed0c59f1ad6cd09aa15ebeee2b3,0,0,0,0,0,
20200702,NY,394954,3646639,,4041593,878.0,89995.0,209.0,,129.0,,70698.0,A,7/1/2020 23:59,2020-07-01T23:59:00Z,07/01 19:59,24877.0,89995.0,2020-07-01T23:59:00Z,,,,394954.0,,,4041593.0,,,,,,,,,,,,36,875,69070,4041593,posNeg,69945,4041593,11,0,20a6de17f32d9f2b8d5aa5c7085e74406b9f906e,0,0,0,0,0,
20200701,NY,394079,3577569,,3971648,879.0,89995.0,226.0,,139.0,,70590.0,A,6/30/2020 23:59,2020-06-30T23:59:00Z,06/30 19:59,24866.0,89995.0,2020-06-30T23:59:00Z,,,,394079.0,,,3971648.0,,,,,,,,,,,,36,625,56085,3971648,posNeg,56710,3971648,11,0,597c73ef67707f78f14031df6e9913b53d6658d1,0,0,0,0,0,
20200630,NY,393454,3521484,,3914938,891.0,89995.0,217.0,,137.0,,70487.0,A,6/29/2020 00:00,2020-06-29T00:00:00Z,06/28 20:00,24855.0,89995.0,2020-06-29T00:00:00Z,,,,393454.0,,,3914938.0,,,,,,,,,,,,36,524,51501,3914938,posNeg,52025,3914938,13,0,790ec97bff84ab43e68b7f394cfea97e94ba7297,0,0,0,0,0,
20200629,NY,392930,3469983,,3862913,853.0,89995.0,216.0,,136.0,,70435.0,A,6/28/2020 23:59,2020-06-28T23:59:00Z,06/28 19:59,24842.0,89995.0,2020-06-28T23:59:00Z,,,,392930.0,,,3862913.0,,,,,,,,,,,,36,391,46037,3862913,posNeg,46428,3862913,7,0,fc134ddebbfa7311c71b3cb72c9aac1547b1236b,0,0,0,0,0,
20200628,NY,392539,3423946,,3816485,869.0,89995.0,229.0,,167.0,,70010.0,A,6/27/2020 23:59,2020-06-27T23:59:00Z,06/27 19:59,24835.0,89995.0,2020-06-27T23:59:00Z,,,,392539.0,,,3816485.0,,,,,,,,,,,,36,616,61290,3816485,posNeg,61906,3816485,5,0,7c4653d890351c7f1ba2f2a05f2512db374874a9,0,0,0,0,0,
20200627,NY,391923,3362656,,3754579,908.0,89995.0,230.0,,167.0,,70010.0,A,6/26/2020 23:59,2020-06-26T23:59:00Z,06/26 19:59,24830.0,89995.0,2020-06-26T23:59:00Z,,,,391923.0,,,3754579.0,,,,,,,,,,,,36,703,72559,3754579,posNeg,73262,3754579,16,0,4ce45bd582f26b538d170dc4e79be5e514c07300,0,0,0,0,0,
20200626,NY,391220,3290097,,3681317,951.0,89995.0,244.0,,167.0,,70010.0,A,6/25/2020 23:59,2020-06-25T23:59:00Z,06/25 19:59,24814.0,89995.0,2020-06-25T23:59:00Z,,,,391220.0,,,3681317.0,,,,,,,,,,,,36,805,60918,3681317,posNeg,61723,3681317,14,0,9fcd6031029ead85c581d42a147ae5523ab8e2f0,0,0,0,0,0,
20200625,NY,390415,3229179,,3619594,996.0,89995.0,270.0,,167.0,,70010.0,A,6/24/2020 23:59,2020-06-24T23:59:00Z,06/24 19:59,24800.0,89995.0,2020-06-24T23:59:00Z,,,,390415.0,,,3619594.0,,,,,,,,,,,,36,749,66893,3619594,posNeg,67642,3619594,18,0,fbb1ba6da802d290cc52f7c3250aef86f6ad626e,0,0,0,0,0,
20200624,NY,389666,3162286,,3551952,1071.0,89995.0,290.0,,228.0,,69710.0,A,6/23/2020 23:59,2020-06-23T23:59:00Z,06/23 19:59,24782.0,89995.0,2020-06-23T23:59:00Z,,,,389666.0,,,3551952.0,,,,,,,,,,,,36,581,50563,3551952,posNeg,51144,3551952,16,0,a03b2fc29329b5736c7702797652e0439b6618af,0,0,0,0,0,
20200623,NY,389085,3111723,,3500808,1104.0,89995.0,302.0,,228.0,,69710.0,A,6/22/2020 23:59,2020-06-22T23:59:00Z,06/22 19:59,24766.0,89995.0,2020-06-22T23:59:00Z,,,,389085.0,,,3500808.0,,,,,,,,,,,,36,597,48112,3500808,posNeg,48709,3500808,27,0,5dd56b1179c54c4054cdff198296c6b45823cb2c,0,0,0,0,0,
20200622,NY,388488,3063611,,3452099,1122.0,89995.0,330.0,,228.0,,69710.0,A,6/21/2020 23:59,2020-06-21T23:59:00Z,06/21 19:59,24739.0,89995.0,2020-06-21T23:59:00Z,,,,388488.0,,,3452099.0,,,,,,,,,,,,36,552,56228,3452099,posNeg,56780,3452099,14,0,2d527c06585fd011a312559e98c65cb61fa97e1a,0,0,0,0,0,
20200621,NY,387936,3007383,,3395319,1142.0,89995.0,332.0,,237.0,,69506.0,A,6/20/2020 23:59,2020-06-20T23:59:00Z,06/20 19:59,24725.0,89995.0,2020-06-20T23:59:00Z,,,,387936.0,,,3395319.0,,,,,,,,,,,,36,664,66862,3395319,posNeg,67526,3395319,15,0,5f77b2b10c8734ddc67b2b9785fa52dac6c12b30,0,0,0,0,0,
20200620,NY,387272,2940521,,3327793,1220.0,89995.0,335.0,,237.0,,69506.0,A,6/19/2020 23:59,2020-06-19T23:59:00Z,06/19 19:59,24710.0,89995.0,2020-06-19T23:59:00Z,,,,387272.0,,,3327793.0,,,,,,,,,,,,36,716,68114,3327793,posNeg,68830,3327793,24,0,71e1d7d8d0c1ef2fb8729b498699c24cd0e71509,0,0,0,0,0,
20200619,NY,386556,2872407,,3258963,1284.0,89995.0,359.0,,256.0,,69377.0,A,6/19/2020 00:00,2020-06-19T00:00:00Z,06/18 20:00,24686.0,89995.0,2020-06-19T00:00:00Z,,,,386556.0,,,3258963.0,,,,,,,,,,,,36,796,78507,3258963,posNeg,79303,3258963,25,0,3dd295635086fa55ae30fbe37bad03c3e5f6d875,0,0,0,0,0,
20200618,NY,385760,2793900,,3179660,1358.0,89995.0,388.0,,278.0,,69243.0,A,6/18/2020 00:00,2020-06-18T00:00:00Z,06/17 20:00,24661.0,89995.0,2020-06-18T00:00:00Z,,,,385760.0,,,3179660.0,,,,,,,,,,,,36,618,67923,3179660,posNeg,68541,3179660,32,0,e6c471b9f68b8f7fea2a5259bd7375eb2ad90410,0,0,0,0,0,
20200617,NY,385142,2725977,,3111119,1479.0,89995.0,431.0,,304.0,,69085.0,A,6/17/2020 00:00,2020-06-17T00:00:00Z,06/16 20:00,24629.0,89995.0,2020-06-17T00:00:00Z,,,,385142.0,,,3111119.0,,,,,,,,,,,,36,567,58774,3111119,posNeg,59341,3111119,21,0,e81684e7bfa83a5f4288505f8e8da65ca81845cf,0,0,0,0,0,
20200616,NY,384575,2667203,,3051778,1538.0,89995.0,449.0,,303.0,,68938.0,A,6/16/2020 00:00,2020-06-16T00:00:00Z,06/15 20:00,24608.0,89995.0,2020-06-16T00:00:00Z,,,,384575.0,,,3051778.0,,,,,,,,,,,,36,631,59937,3051778,posNeg,60568,3051778,29,0,949e4f1da8f811202d244587139642ac6e8d2d5a,0,0,0,0,0,
20200615,NY,383944,2607266,,2991210,1608.0,89995.0,470.0,,323.0,,68851.0,A,6/15/2020 00:00,2020-06-15T00:00:00Z,06/14 20:00,24579.0,89995.0,2020-06-15T00:00:00Z,,,,383944.0,,,2991210.0,,,,,,,,,,,,36,620,55991,2991210,posNeg,56611,2991210,28,0,831824e4c510609824b5ab576f2cd93aac2281e1,0,0,0,0,0,
20200614,NY,383324,2551275,,2934599,1657.0,89995.0,499.0,,346.0,,68761.0,A,6/13/2020 00:00,2020-06-13T00:00:00Z,06/12 20:00,24551.0,89995.0,2020-06-13T00:00:00Z,,,,383324.0,,,2934599.0,,,,,,,,,,,,36,694,61665,2934599,posNeg,62359,2934599,24,0,f946d857950af81401c274c2bc6fbcf633b670a7,0,0,0,0,0,
20200613,NY,382630,2489610,,2872240,1734.0,89995.0,517.0,,360.0,,68584.0,A,6/12/2020 00:00,2020-06-12T00:00:00Z,06/11 20:00,24527.0,89995.0,2020-06-12T00:00:00Z,,,,382630.0,,,2872240.0,,,,,,,,,,,,36,916,69924,2872240,posNeg,70840,2872240,32,0,da7a04666d7c6d0bf9c62bb2fae5c1204c22f550,0,0,0,0,0,
20200612,NY,381714,2419686,,2801400,1898.0,89995.0,552.0,,387.0,,68399.0,A,6/12/2020 00:00,2020-06-12T00:00:00Z,06/11 20:00,24495.0,89995.0,2020-06-12T00:00:00Z,,,,381714.0,,,2801400.0,,,,,,,,,,,,36,822,71573,2801400,posNeg,72395,2801400,53,0,eb41611a881d6ea5556bdd88ba2ef8347658d216,0,0,0,0,0,
20200611,NY,380892,2348113,,2729005,2042.0,89995.0,581.0,,424.0,,68211.0,A,6/11/2020 00:00,2020-06-11T00:00:00Z,06/10 20:00,24442.0,89995.0,2020-06-11T00:00:00Z,,,,380892.0,,,2729005.0,,,,,,,,,,,,36,736,60103,2729005,posNeg,60839,2729005,38,0,2eeba6498b44c362eec3e8306e6c8edd473131ef,0,0,0,0,0,
20200610,NY,380156,2288010,,2668166,2190.0,89995.0,630.0,,462.0,,68019.0,A,6/10/2020 00:00,2020-06-10T00:00:00Z,06/09 20:00,24404.0,89995.0,2020-06-10T00:00:00Z,,,,380156.0,,,2668166.0,,,,,,,,,,,,36,674,61623,2668166,posNeg,62297,2668166,56,0,6ce2f2697b1e2538ca5608d36ffb1d95167c6702,0,0,0,0,0,
20200609,NY,379482,2226387,,2605869,2344.0,89995.0,663.0,,485.0,,67808.0,A,6/9/2020 00:00,2020-06-09T00:00:00Z,06/08 20:00,24348.0,89995.0,2020-06-09T00:00:00Z,,,,379482.0,,,2605869.0,,,,,,,,,,,,36,683,49290,2605869,posNeg,49973,2605869,49,0,80b320db0304255c0a578e721a810f41b2776320,0,0,0,0,0,
20200608,NY,378799,2177097,,2555896,2371.0,89995.0,678.0,,507.0,,67687.0,A,6/8/2020 00:00,2020-06-08T00:00:00Z,06/07 20:00,24299.0,89995.0,2020-06-08T00:00:00Z,,,,378799.0,,,2555896.0,,,,,,,,,,,,36,702,57352,2555896,posNeg,58054,2555896,40,0,7da27d9b1532144290f747eb9494d3646706e831,0,0,0,0,0,
20200607,NY,378097,2119745,,2497842,2427.0,89995.0,704.0,,534.0,,67544.0,A,6/7/2020 00:00,2020-06-07T00:00:00Z,06/06 20:00,24259.0,89995.0,2020-06-07T00:00:00Z,,,,378097.0,,,2497842.0,,,,,,,,,,,,36,781,59654,2497842,posNeg,60435,2497842,47,0,d2a8b73ae208a6775a08706179e22c04d77d8381,0,0,0,0,0,
20200606,NY,377316,2060091,,2437407,2603.0,89995.0,720.0,,554.0,,67261.0,A,6/6/2020 00:00,2020-06-06T00:00:00Z,06/05 20:00,24212.0,89995.0,2020-06-06T00:00:00Z,,,,377316.0,,,2437407.0,,,,,,,,,,,,36,1108,76787,2437407,posNeg,77895,2437407,37,0,8cbe7d2cab1f0a5eb75ff53ec56e09c7add48ee6,0,0,0,0,0,
20200605,NY,376208,1983304,,2359512,2728.0,89995.0,758.0,,583.0,,66992.0,A,6/5/2020 00:00,2020-06-05T00:00:00Z,06/04 20:00,24175.0,89995.0,2020-06-05T00:00:00Z,,,,376208.0,,,2359512.0,,,,,,,,,,,,36,1075,65405,2359512,posNeg,66480,2359512,42,0,ba2622cd56cfc54e810761aa4296944eed1077f7,0,0,0,0,0,
20200604,NY,375133,1917899,,2293032,2849.0,89995.0,832.0,,613.0,,66756.0,A,6/4/2020 00:00,2020-06-04T00:00:00Z,06/03 20:00,24133.0,89995.0,2020-06-04T00:00:00Z,,,,375133.0,,,2293032.0,,,,,,,,,,,,36,1048,62511,2293032,posNeg,63559,2293032,54,0,e3d2852351ad8497f1d518a2ce7454dfdcb16b36,0,0,0,0,0,
20200603,NY,374085,1855388,,2229473,2978.0,89995.0,865.0,,638.0,,66502.0,A,6/3/2020 00:00,2020-06-03T00:00:00Z,06/02 20:00,24079.0,89995.0,2020-06-03T00:00:00Z,,,,374085.0,,,2229473.0,,,,,,,,,,,,36,1045,60597,2229473,posNeg,61642,2229473,56,134,5abf3d20cfc7002f782304fd56aebdb222ae01ab,0,0,0,0,0,
20200602,NY,373040,1794791,,2167831,3121.0,89861.0,907.0,,673.0,,66262.0,A,6/2/2020 00:00,2020-06-02T00:00:00Z,06/01 20:00,24023.0,89861.0,2020-06-02T00:00:00Z,,,,373040.0,,,2167831.0,,,,,,,,,,,,36,1329,52725,2167831,posNeg,54054,2167831,64,158,efc9ef83caec2ee3bb19140ccee5e8ce71d89f93,0,0,0,0,0,
20200601,NY,371711,1742066,,2113777,3331.0,89703.0,999.0,,746.0,,66110.0,A,6/1/2020 00:00,2020-06-01T00:00:00Z,05/31 20:00,23959.0,89703.0,2020-06-01T00:00:00Z,,,,371711.0,,,2113777.0,,,,,,,,,,,,36,941,49011,2113777,posNeg,49952,2113777,54,113,9c40476d237dc57f1f6ef494048a9018f3f62054,0,0,0,0,0,
20200531,NY,370770,1693055,,2063825,3436.0,89590.0,1050.0,,791.0,,65934.0,A,5/31/2020 00:00,2020-05-31T00:00:00Z,05/30 20:00,23905.0,89590.0,2020-05-31T00:00:00Z,,,,370770.0,,,2063825.0,,,,,,,,,,,,36,1110,57334,2063825,posNeg,58444,2063825,57,190,961e037af170763490a69dbda4f298370303ca1f,0,0,0,0,0,
20200530,NY,369660,1635721,,2005381,3619.0,89400.0,1124.0,,857.0,,65609.0,A,5/30/2020 00:00,2020-05-30T00:00:00Z,05/29 20:00,23848.0,89400.0,2020-05-30T00:00:00Z,,,,369660.0,,,2005381.0,,,,,,,,,,,,36,1376,59875,2005381,posNeg,61251,2005381,68,206,9dbcc17ea5815a7f71a03740864e78332e9a93b4,0,0,0,0,0,
20200529,NY,368284,1575846,,1944130,3781.0,89194.0,1164.0,,889.0,,65289.0,A,5/29/2020 00:00,2020-05-29T00:00:00Z,05/28 20:00,23780.0,89194.0,2020-05-29T00:00:00Z,,,,368284.0,,,1944130.0,,,,,,,,,,,,36,1551,65790,1944130,posNeg,67341,1944130,58,152,d4f2004fc9bb1cfe962e3308e59d9ff441876959,0,0,0,0,0,
20200528,NY,366733,1510056,,1876789,4010.0,89042.0,1219.0,,931.0,,64954.0,A,5/28/2020 00:00,2020-05-28T00:00:00Z,05/27 20:00,23722.0,89042.0,2020-05-28T00:00:00Z,,,,366733.0,,,1876789.0,,,,,,,,,,,,36,1768,63477,1876789,posNeg,65245,1876789,79,176,a58cbcfd568ad8e27904ebb025dcd3f3c9804bb3,0,0,0,0,0,
20200527,NY,364965,1446579,,1811544,4208.0,88866.0,1261.0,,988.0,,64632.0,A,5/27/2020 00:00,2020-05-27T00:00:00Z,05/26 20:00,23643.0,88866.0,2020-05-27T00:00:00Z,,,,364965.0,,,1811544.0,,,,,,,,,,,,36,1129,36287,1811544,posNeg,37416,1811544,79,180,92dc1d74fda0805b235a3a0de839dc96e1218f37,0,0,0,0,0,
20200526,NY,363836,1410292,,1774128,4265.0,88686.0,1273.0,,1002.0,,64443.0,A,5/26/2020 00:00,2020-05-26T00:00:00Z,05/25 20:00,23564.0,88686.0,2020-05-26T00:00:00Z,,,,363836.0,,,1774128.0,,,,,,,,,,,,36,1072,33607,1774128,posNeg,34679,1774128,76,132,9919fd34c0ed18056623ca637565ab97924892de,0,0,0,0,0,
20200525,NY,362764,1376685,,1739449,4348.0,88554.0,1366.0,,1058.0,,64280.0,A,5/25/2020 00:00,2020-05-25T00:00:00Z,05/24 20:00,23488.0,88554.0,2020-05-25T00:00:00Z,,,,362764.0,,,1739449.0,,,,,,,,,,,,36,1249,38374,1739449,posNeg,39623,1739449,97,230,d1a0b28b78629fbd79933997ab59dea502d3c484,0,0,0,0,0,
20200524,NY,361515,1338311,,1699826,4393.0,88324.0,1406.0,,1067.0,,64080.0,A,5/24/2020 00:00,2020-05-24T00:00:00Z,05/23 20:00,23391.0,88324.0,2020-05-24T00:00:00Z,,,,361515.0,,,1699826.0,,,,,,,,,,,,36,1589,46176,1699826,posNeg,47765,1699826,109,241,17ee9093a18cd2fe3af867b2019471cca8ab615a,0,0,0,0,0,
20200523,NY,359926,1292135,,1652061,4642.0,88083.0,1502.0,,1254.0,,63292.0,A,5/22/2020 00:00,2020-05-22T00:00:00Z,05/21 20:00,23282.0,88083.0,2020-05-22T00:00:00Z,,,,359926.0,,,1652061.0,,,,,,,,,,,,36,1772,49496,1652061,posNeg,51268,1652061,87,240,ba333020bd7851eff068c6b2bc1cc46db0e19b64,0,0,0,0,0,
20200522,NY,358154,1242639,,1600793,4844.0,87843.0,1581.0,,1254.0,,63292.0,A,5/22/2020 00:00,2020-05-22T00:00:00Z,05/21 20:00,23195.0,87843.0,2020-05-22T00:00:00Z,,,,358154.0,,,1600793.0,,,,,,,,,,,,36,1696,44042,1600793,posNeg,45738,1600793,112,205,b77ebe13f6fade632f14183a564158d80a000db5,0,0,0,0,0,
20200521,NY,356458,1198597,,1555055,5187.0,87638.0,1695.0,,1345.0,,62826.0,A,5/21/2020 00:00,2020-05-21T00:00:00Z,05/20 20:00,23083.0,87638.0,2020-05-21T00:00:00Z,,,,356458.0,,,1555055.0,,,,,,,,,,,,36,2088,47131,1555055,posNeg,49219,1555055,107,179,99ad384331507bfc6aa4b1976af72847cbc6c74a,0,0,0,0,0,
20200520,NY,354370,1151466,,1505836,5570.0,87459.0,1761.0,,1421.0,,61886.0,A,5/20/2020 00:00,2020-05-20T00:00:00Z,05/19 20:00,22976.0,87459.0,2020-05-20T00:00:00Z,,,,354370.0,,,1505836.0,,,,,,,,,,,,36,1525,36572,1505836,posNeg,38097,1505836,133,290,677acd21dc72010033e93c7e0320407142d2f111,0,0,0,0,0,
20200519,NY,352845,1114894,,1467739,5818.0,87169.0,1836.0,,1481.0,,61886.0,A,5/19/2020 00:00,2020-05-19T00:00:00Z,05/18 20:00,22843.0,87169.0,2020-05-19T00:00:00Z,,,,352845.0,,,1467739.0,,,,,,,,,,,,36,1474,26708,1467739,posNeg,28182,1467739,114,268,613a76d1b13c7c1e2246de4833a5d1864d5953c9,0,0,0,0,0,
20200518,NY,351371,1088186,,1439557,5840.0,86901.0,1908.0,,1538.0,,61681.0,A,5/18/2020 00:00,2020-05-18T00:00:00Z,05/17 20:00,22729.0,86901.0,2020-05-18T00:00:00Z,,,,351371.0,,,1439557.0,,,,,,,,,,,,36,1250,24911,1439557,posNeg,26161,1439557,110,326,86f1aadaf343b15b9118dbcdf382ee8b1724a0d1,0,0,0,0,0,
20200517,NY,350121,1063275,,1413396,5897.0,86575.0,1981.0,,1601.0,,61381.0,A,5/17/2020 00:00,2020-05-17T00:00:00Z,05/16 20:00,22619.0,86575.0,2020-05-17T00:00:00Z,,,,350121.0,,,1413396.0,,,,,,,,,,,,36,1889,32790,1413396,posNeg,34679,1413396,141,368,bd0a96ba2db7dc863ab67ebc53a7a3645f630e45,0,0,0,0,0,
20200516,NY,348232,1030485,,1378717,6220.0,86207.0,2077.0,,1674.0,,60796.0,A,5/16/2020 00:00,2020-05-16T00:00:00Z,05/15 20:00,22478.0,86207.0,2020-05-16T00:00:00Z,,,,348232.0,,,1378717.0,,,,,,,,,,,,36,2419,38250,1378717,posNeg,40669,1378717,174,425,982a6d3d80938c75668d9634026268845dd91848,0,0,0,0,0,
20200515,NY,345813,992235,,1338048,6394.0,85782.0,2156.0,,1774.0,,60302.0,A,5/14/2020 00:00,2020-05-14T00:00:00Z,05/13 20:00,22304.0,85782.0,2020-05-14T00:00:00Z,,,,345813.0,,,1338048.0,,,,,,,,,,,,36,2762,36529,1338048,posNeg,39291,1338048,134,328,da8f270b2b38896ea3bc46a218e8ac3404580ff3,0,0,0,0,0,
20200514,NY,343051,955706,,1298757,6706.0,85454.0,2223.0,,1846.0,,59758.0,A,5/14/2020 00:00,2020-05-14T00:00:00Z,05/13 20:00,22170.0,85454.0,2020-05-14T00:00:00Z,,,,343051.0,,,1258907.0,,,,,,,,,,,,36,2390,37460,1298757,posNeg,39850,1298757,157,446,1d9ab9279f31fb29233bce7e03bbbedaee1eb899,0,0,0,0,0,
20200513,NY,340661,918246,,1258907,6946.0,85008.0,2308.0,,1908.0,,59193.0,A,5/13/2020 00:00,2020-05-13T00:00:00Z,05/12 20:00,22013.0,85008.0,2020-05-13T00:00:00Z,,,,340661.0,,,1225113.0,,,,,,,,,,,,36,2176,31618,1258907,posNeg,33794,1258907,168,519,b0f4750ff21ca92b69493db49ad6d268ab06a292,0,0,0,0,0,
20200512,NY,338485,886628,,1225113,7063.0,84489.0,2375.0,,1964.0,,58679.0,A,5/12/2020 00:00,2020-05-12T00:00:00Z,05/11 20:00,21845.0,84489.0,2020-05-12T00:00:00Z,,,,338485.0,,,,,,,,,,,,,,,36,1430,19032,1225113,posNeg,20462,1225113,205,295,c964f5611ca7475c48ad14db83b1732af4b3ddcf,0,0,0,0,0,
20200511,NY,337055,867596,,1204651,7226.0,84194.0,2450.0,,2020.0,,58363.0,A,5/10/2020 00:00,2020-05-10T00:00:00Z,05/09 20:00,21640.0,84194.0,2020-05-10T00:00:00Z,,,,337055.0,,,,,,,,,,,,,,,36,1660,19993,1204651,posNeg,21653,1204651,162,433,ed1caee29dc70599e8663867880d9305696d16d4,0,0,0,0,0,
20200510,NY,335395,847603,,1182998,7262.0,83761.0,2488.0,,2073.0,,58006.0,A,5/10/2020 00:00,2020-05-10T00:00:00Z,05/09 20:00,21478.0,83761.0,2020-05-10T00:00:00Z,,,,335395.0,,,,,,,,,,,,,,,36,2273,26957,1182998,posNeg,29230,1182998,207,476,2ead3bccbf08581935df78cd2fe9f0342f332d45,0,0,0,0,0,
20200509,NY,333122,820646,,1153768,7776.0,83285.0,2664.0,,2203.0,,57180.0,B,5/9/2020 00:00,2020-05-09T00:00:00Z,05/08 20:00,21271.0,83285.0,2020-05-09T00:00:00Z,,,,333122.0,,,,,,,,,,,,,,,36,2715,29510,1153768,posNeg,32225,1153768,226,555,00236334b246d3094f8658a12eb611811ef8a0ad,0,0,0,0,0,
20200508,NY,330407,791136,,1121543,8196.0,82730.0,2811.0,,2295.0,,56378.0,B,5/8/2020 00:00,2020-05-08T00:00:00Z,05/07 20:00,21045.0,82730.0,2020-05-08T00:00:00Z,,,,330407.0,,,,,,,,,,,,,,,36,2758,28869,1121543,posNeg,31627,1121543,217,533,9bed4b3f9350c01821d233a20be63c896d9b0877,0,0,0,0,0,
20200507,NY,327649,762267,,1089916,8665.0,82197.0,2976.0,,2425.0,,55547.0,B,5/7/2020 00:00,2020-05-07T00:00:00Z,05/06 20:00,20828.0,82197.0,2020-05-07T00:00:00Z,,,,327649.0,,,,,,,,,,,,,,,36,3671,30324,1089916,posNeg,33995,1089916,951,627,1bb26b9109c08c0fdbac20794095ede4c00a4c8f,0,0,0,0,0,
20200506,NY,323978,731943,,1055921,9179.0,81570.0,3098.0,,,,54597.0,B,5/6/2020 00:00,2020-05-06T00:00:00Z,05/05 20:00,19877.0,81570.0,2020-05-06T00:00:00Z,,,,321192.0,,,,,,,,,,,,,,,36,2786,24236,1055921,posNeg,27022,1055921,232,652,0389be469771897b33c2236cc9f54126fdb0823e,0,0,0,0,0,
20200505,NY,321192,707707,,1028899,9600.0,80918.0,3281.0,,,,58950.0,B,5/5/2020 00:00,2020-05-05T00:00:00Z,05/04 20:00,19645.0,80918.0,2020-05-05T00:00:00Z,,,,321192.0,,,,,,,,,,,,,,,36,2239,19350,1028899,posNeg,21589,1028899,230,542,eac47cf673afe25a1ca6680c62d984da893ab135,0,0,0,0,0,
20200504,NY,318953,688357,,1007310,9647.0,80376.0,3330.0,,,,58950.0,B,5/4/2020 00:00,2020-05-04T00:00:00Z,05/03 20:00,19415.0,80376.0,2020-05-04T00:00:00Z,,,,318953.0,,,,,,,,,,,,,,,36,2538,18861,1007310,posNeg,21399,1007310,226,608,466f8d50d62df3739e09b8fe54d0483c964cd6f0,0,0,0,0,0,
20200503,NY,316415,669496,,985911,9786.0,79768.0,3430.0,,,,58950.0,B,5/3/2020 00:00,2020-05-03T00:00:00Z,05/02 20:00,19189.0,79768.0,2020-05-03T00:00:00Z,,,,316415.0,,,,,,,,,,,,,,,36,3438,23402,985911,posNeg,26840,985911,280,826,01f40b3df25c608a9aab347e5c141aac6518d573,0,0,0,0,0,
20200502,NY,312977,646094,,959071,10350.0,78942.0,3501.0,,,,57540.0,B,5/2/2020 00:00,2020-05-02T00:00:00Z,05/01 20:00,18909.0,78942.0,2020-05-02T00:00:00Z,,,,312977.0,,,,,,,,,,,,,,,36,4663,26970,959071,posNeg,31633,959071,299,718,9754ee1c713e05730b72108e20667c6d0f871cf1,0,0,0,0,0,
20200501,NY,308314,619124,,927438,10993.0,78224.0,3640.0,,,,56187.0,B,5/1/2020 00:00,2020-05-01T00:00:00Z,04/30 20:00,18610.0,78224.0,2020-05-01T00:00:00Z,,,,308314.0,,,,,,,,,,,,,,,36,3942,22860,927438,posNeg,26802,927438,289,824,9b6a3b1775e68e39a3fe38eb424d3f7e83fe7a02,0,0,0,0,0,
20200430,NY,304372,596264,,900636,11598.0,77400.0,3769.0,,,,54771.0,B,4/30/2020 00:00,2020-04-30T00:00:00Z,04/29 20:00,18321.0,77400.0,2020-04-30T00:00:00Z,,,,,,,,,,,,,,,,,,,36,4681,23474,900636,posNeg,28155,900636,306,950,3d6d44885a3b4d77bcdc1366b30a3ce3e7ed6a34,0,0,0,0,0,
20200429,NY,299691,572790,,872481,12159.0,76450.0,3923.0,,,,53238.0,B,4/29/2020 00:00,2020-04-29T00:00:00Z,04/28 20:00,18015.0,76450.0,2020-04-29T00:00:00Z,,,,,,,,,,,,,,,,,,,36,4585,22902,872481,posNeg,27487,872481,377,1088,5018be1e5be1922c3a27d96416574984f4aee03e,0,0,0,0,0,
20200428,NY,295106,549888,,844994,12646.0,75362.0,4071.0,,,,51673.0,B,4/28/2020 00:00,2020-04-28T00:00:00Z,04/27 20:00,17638.0,75362.0,2020-04-28T00:00:00Z,,,,,,,,,,,,,,,,,,,36,3110,15789,844994,posNeg,18899,844994,335,760,d7a6772266d3e2bcc0d608926343a3e0c55160ad,0,0,0,0,0,
20200427,NY,291996,534099,,826095,12819.0,74602.0,4157.0,,,,50751.0,B,4/27/2020 00:00,2020-04-27T00:00:00Z,04/26 20:00,17303.0,74602.0,2020-04-27T00:00:00Z,,,,,,,,,,,,,,,,,,,36,3951,16794,826095,posNeg,20745,826095,337,1062,e2c30396b4c8a13a648f2adf8ac2768768ae17b9,0,0,0,0,0,
20200426,NY,288045,517305,,805350,12839.0,73540.0,4284.0,,,,49687.0,B,4/26/2020 00:00,2020-04-26T00:00:00Z,04/25 20:00,16966.0,73540.0,2020-04-26T00:00:00Z,,,,,,,,,,,,,,,,,,,36,5902,21880,805350,posNeg,27782,805350,367,1096,f5d652f3c5d611e2c4784906d6884e2c3b01b8ce,0,0,0,0,0,
20200425,NY,282143,495425,,777568,13524.0,72444.0,4410.0,,,,47935.0,B,4/25/2020 00:00,2020-04-25T00:00:00Z,04/24 20:00,16599.0,72444.0,2020-04-25T00:00:00Z,,,,,,,,,,,,,,,,,,,36,10553,36359,777568,posNeg,46912,777568,437,1071,b92f5066f4b062d46ed73aae4861b169ee9db25b,0,0,0,0,0,
20200424,NY,271590,459066,,730656,14258.0,71373.0,4540.0,,,,46156.0,A,4/24/2020 00:00,2020-04-24T00:00:00Z,04/23 20:00,16162.0,71373.0,2020-04-24T00:00:00Z,,,,,,,,,,,,,,,,,,,36,8130,26606,730656,posNeg,34736,730656,422,1191,85f3b3467947805c8c4f8a22d4d65b5f69004fca,0,0,0,0,0,
20200423,NY,263460,432460,,695920,15021.0,70182.0,4597.0,,,,44244.0,A,4/23/2020 00:00,2020-04-23T00:00:00Z,04/22 20:00,15740.0,70182.0,2020-04-23T00:00:00Z,,,,,,,,,,,,,,,,,,,36,6244,19694,695920,posNeg,25938,695920,438,1409,25e46a576bf13457dff3ab55e9afe50038fb2479,0,0,0,0,0,
20200422,NY,257216,412766,,669982,15599.0,68773.0,4690.0,,,,42308.0,A,4/22/2020 00:00,2020-04-22T00:00:00Z,04/21 20:00,15302.0,68773.0,2020-04-22T00:00:00Z,,,,,,,,,,,,,,,,,,,36,5526,15131,669982,posNeg,20657,669982,474,1502,93d5b04c3e91a5fe2661eaf0165f3a905b0e6055,0,0,0,0,0,
20200421,NY,251690,397635,,649325,16135.0,67271.0,4729.0,,,,40482.0,A,4/21/2020 00:00,2020-04-21T00:00:00Z,04/20 20:00,14828.0,67271.0,2020-04-21T00:00:00Z,,,,,,,,,,,,,,,,,,,36,4178,11286,649325,posNeg,15464,649325,481,1302,bb00aee48bbb33cb6703a8f2184eff62bf5be6dd,0,0,0,0,0,
20200420,NY,247512,386349,,633861,16103.0,65969.0,4814.0,,,,39085.0,A,4/20/2020 00:00,2020-04-20T00:00:00Z,04/19 20:00,14347.0,65969.0,2020-04-20T00:00:00Z,,,,,,,,,,,,,,,,,,,36,4726,11580,633861,posNeg,16306,633861,478,1419,533d9e57a64a27a30c5688dbcdd04bb8b39b9027,0,0,0,0,0,
20200419,NY,242786,374769,,617555,16213.0,64550.0,4878.0,,,,37596.0,A,4/19/2020 00:00,2020-04-19T00:00:00Z,04/18 20:00,13869.0,64550.0,2020-04-19T00:00:00Z,,,,,,,,,,,,,,,,,,,36,6054,14969,617555,posNeg,21023,617555,507,1447,cbbe74a92cf809bb2ce41fe8f96275a33462a840,0,0,0,0,0,
20200418,NY,236732,359800,,596532,16967.0,63103.0,4996.0,,,,35458.0,A,4/18/2020 00:00,2020-04-18T00:00:00Z,04/17 20:00,13362.0,63103.0,2020-04-18T00:00:00Z,,,,,,,,,,,,,,,,,,,36,7090,16219,596532,posNeg,23309,596532,540,1983,2499bb9765a968d50a1faceb1d0d032525dad197,0,0,0,0,0,
20200417,NY,229642,343581,,573223,17316.0,61120.0,5039.0,,,,33392.0,A,4/17/2020 14:00,2020-04-17T14:00:00Z,04/17 10:00,12822.0,61120.0,2020-04-17T14:00:00Z,,,,,,,,,,,,,,,,,,,36,7358,15286,573223,posNeg,22644,573223,630,2068,5f626642854ac25a9e6726f14695d93a7fa1a8db,0,0,0,0,0,
20200416,NY,222284,328295,,550579,17735.0,59052.0,5071.0,,,,30800.0,A,4/16/2020 00:00,2020-04-16T00:00:00Z,04/15 20:00,12192.0,59052.0,2020-04-16T00:00:00Z,,,,,,,,,,,,,,,,,,,36,8505,16062,550579,posNeg,24567,550579,606,2084,cce49e1ad39db884cb6251a97fdf22c59cd0f83e,0,0,0,0,0,
20200415,NY,213779,312233,,526012,18335.0,56968.0,5205.0,,,,28004.0,A,4/15/2020 00:00,2020-04-15T00:00:00Z,04/14 20:00,11586.0,56968.0,2020-04-15T00:00:00Z,,,,,,,,,,,,,,,,,,,36,11571,15298,526012,posNeg,26869,526012,752,2315,77facc56bb8c0b4d9c347792df8649edac25ade6,0,0,0,0,0,
20200414,NY,202208,296935,,499143,18697.0,54653.0,5225.0,,,,25589.0,A,4/14/2020 00:00,2020-04-14T00:00:00Z,04/13 20:00,10834.0,54653.0,2020-04-14T00:00:00Z,,,,,,,,,,,,,,,,,,,36,7177,13609,499143,posNeg,20786,499143,778,1717,fbe9e820db81caa991f69da8969b0d5d0386e206,0,0,0,0,0,
20200413,NY,195031,283326,,478357,18825.0,52936.0,5156.0,,,,23887.0,A,4/13/2020 00:00,2020-04-13T00:00:00Z,04/12 20:00,10056.0,52936.0,2020-04-13T00:00:00Z,,,,,,,,,,,,,,,,,,,36,6337,10419,478357,posNeg,16756,478357,671,2017,80397273761df3a42a5a801b57f4bd3ca410fc91,0,0,0,0,0,
20200412,NY,188694,272907,,461601,18707.0,50919.0,5198.0,,,,23887.0,A,4/12/2020 00:00,2020-04-12T00:00:00Z,04/11 20:00,9385.0,50919.0,2020-04-12T00:00:00Z,,,,,,,,,,,,,,,,,,,36,8236,12385,461601,posNeg,20621,461601,758,2622,e8c146ce3d58e6a000d074adf85836faa7c750a1,0,0,0,0,0,
20200411,NY,180458,260522,,440980,18654.0,48297.0,5009.0,,,,22025.0,A,4/11/2020 00:00,2020-04-11T00:00:00Z,04/10 20:00,8627.0,48297.0,2020-04-11T00:00:00Z,,,,,,,,,,,,,,,,,,,36,9946,13149,440980,posNeg,23095,440980,783,2529,4e1ad4acdbae765563aac5e6e80f002da1cc8aa4,0,0,0,0,0,
20200410,NY,170512,247373,,417885,18569.0,45768.0,4908.0,,,,20249.0,A,4/10/2020 00:00,2020-04-10T00:00:00Z,04/09 20:00,7844.0,45768.0,2020-04-10T00:00:00Z,,,,,,,,,,,,,,,,,,,36,10575,15761,417885,posNeg,26336,417885,777,2916,a2a42be571862742daa66d08bcd3f8a4b0d0465e,0,0,0,0,0,
20200409,NY,159937,231612,,391549,18279.0,42852.0,4925.0,,,,18297.0,A,4/9/2020 00:00,2020-04-09T00:00:00Z,04/08 20:00,7067.0,42852.0,2020-04-09T00:00:00Z,,,,,,,,,,,,,,,,,,,36,10621,15775,391549,posNeg,26396,391549,799,2870,fd868d8dfe98cbc7bbad3718684c75970fd193fa,0,0,0,0,0,
20200408,NY,149316,215837,,365153,18079.0,39982.0,4841.0,,,,16353.0,A,4/7/2020 00:00,2020-04-07T00:00:00Z,04/06 20:00,6268.0,39982.0,2020-04-07T00:00:00Z,,,,,,,,,,,,,,,,,,,36,10453,14642,365153,posNeg,25095,365153,779,3050,745642047bf6ee55dc57d0b3947df165bd298e2e,0,0,0,0,0,
20200407,NY,138863,201195,,340058,17493.0,36932.0,4539.0,,,,14590.0,A,4/6/2020 00:00,2020-04-06T00:00:00Z,04/05 20:00,5489.0,36932.0,2020-04-06T00:00:00Z,,,,,,,,,,,,,,,,,,,36,8174,11073,340058,posNeg,19247,340058,731,2555,5d0b2add92c1cbdd6b03f5b591b6f985edd9379a,0,0,0,0,0,
20200406,NY,130689,190122,,320811,16837.0,34377.0,4504.0,,,,13366.0,A,4/6/2020 00:00,2020-04-06T00:00:00Z,04/05 20:00,4758.0,34377.0,2020-04-06T00:00:00Z,,,,,,,,,,,,,,,,,,,36,8658,9873,320811,posNeg,18531,320811,599,2084,e64aac0c40444783360cb8fd4ad6eeeb4beb57e8,0,0,0,0,0,
20200405,NY,122031,180249,,302280,16479.0,32293.0,4376.0,,,,12187.0,A,4/4/2020 00:00,2020-04-04T00:00:00Z,04/03 20:00,4159.0,32293.0,2020-04-04T00:00:00Z,,,,,,,,,,,,,,,,,,,36,8327,10332,302280,posNeg,18659,302280,594,2822,c9fbf2f938709ab3a0fe05fbd486c43337a3c023,0,0,0,0,0,
20200404,NY,113704,169917,,283621,15905.0,29471.0,4126.0,,,,10478.0,A,4/3/2020 11:00,2020-04-03T11:00:00Z,04/03 07:00,3565.0,29471.0,2020-04-03T11:00:00Z,,,,,,,,,,,,,,,,,,,36,10841,12260,283621,posNeg,23101,283621,630,3261,7936c50fdf9fb41930c7c28786a7907ae3c3b189,0,0,0,0,0,
20200403,NY,102863,157657,,260520,14810.0,26210.0,3731.0,,,,8886.0,A,4/3/2020 11:00,2020-04-03T11:00:00Z,04/03 07:00,2935.0,26210.0,2020-04-03T11:00:00Z,,,,,,,,,,,,,,,,,,,36,10482,11073,260520,posNeg,21555,260520,562,3424,6cf0da4ac3349343aa6f809dae62f19f1aaecdc5,0,0,0,0,0,
20200402,NY,92381,146584,,238965,13383.0,22786.0,3396.0,,,,7434.0,A,4/2/2020 11:45,2020-04-02T11:45:00Z,04/02 07:45,2373.0,22786.0,2020-04-02T11:45:00Z,,,,,,,,,,,,,,,,,,,36,8669,9416,238965,posNeg,18085,238965,432,2857,719bdeba36c97137a3802038ccca04e2e8e6a01b,0,0,0,0,0,
20200401,NY,83712,137168,,220880,12226.0,19929.0,3022.0,,,,6142.0,A,4/1/2020 12:00,2020-04-01T12:00:00Z,04/01 08:00,1941.0,19929.0,2020-04-01T12:00:00Z,,,,,,,,,,,,,,,,,,,36,7917,7777,220880,posNeg,15694,220880,391,2844,5e0e5c28f13f6c51ed26b8b043e6dbc0e9117fe6,0,0,0,0,0,
20200331,NY,75795,129391,,205186,10929.0,17085.0,2710.0,,,,4975.0,A,3/29/2020 09:16,2020-03-29T09:16:00Z,03/29 05:16,1550.0,17085.0,2020-03-29T09:16:00Z,,,,,,,,,,,,,,,,,,,36,9298,9420,205186,posNeg,18718,205186,332,2507,7ffc45df0647ad9f9a85e5960087ca75ec8d185f,0,0,0,0,0,
20200330,NY,66497,119971,,186468,9517.0,14578.0,2352.0,,,,4204.0,A,3/29/2020 09:16,2020-03-29T09:16:00Z,03/29 05:16,1218.0,14578.0,2020-03-29T09:16:00Z,,,,,,,,,,,,,,,,,,,36,6984,7124,186468,posNeg,14108,186468,253,1883,5dd357ac8676a014a8ab9c8da67c4f530e58e2fe,0,0,0,0,0,
20200329,NY,59513,112847,,172360,8503.0,12695.0,2037.0,,,,3572.0,A,3/29/2020 09:16,2020-03-29T09:16:00Z,03/29 05:16,965.0,12695.0,2020-03-29T09:16:00Z,,,,,,,,,,,,,,,,,,,36,7195,9231,172360,posNeg,16426,172360,237,2241,54a3804202cc17215f90ad4b17490a3e2a5e70e0,0,0,0,0,0,
20200328,NY,52318,103616,,155934,7328.0,10454.0,1755.0,,,,2726.0,A,3/28/2020 13:15,2020-03-28T13:15:00Z,03/28 09:15,728.0,10454.0,2020-03-28T13:15:00Z,,,,,,,,,,,,,,,,,,,36,7683,2498,155934,posNeg,10181,155934,209,1722,4901ce05f7629d09cc53b426a88071fe72c2de47,0,0,0,0,0,
20200327,NY,44635,101118,,145753,6481.0,8732.0,1583.0,,,,2045.0,A,3/27/2020 11:15,2020-03-27T11:15:00Z,03/27 07:15,519.0,8732.0,2020-03-27T11:15:00Z,,,,,,,,,,,,,,,,,,,36,7377,16272,145753,posNeg,23649,145753,134,1811,43456c4f1d95bbed1adb7498de53b3a7258391bc,0,0,0,0,0,
20200326,NY,37258,84846,,122104,5327.0,6921.0,1290.0,,,,,B,3/26/2020 16:59,2020-03-26T16:59:00Z,03/26 12:59,385.0,6921.0,2020-03-26T16:59:00Z,,,,,,,,,,,,,,,,,,,36,6447,12178,122104,posNeg,18625,122104,100,1795,d728d477adfe32d982653d399aaa6826455f7e17,0,0,0,0,0,
20200325,NY,30811,72668,,103479,4079.0,5126.0,,,,,,B,3/25/2020 11:45,2020-03-25T11:45:00Z,03/25 07:45,285.0,5126.0,2020-03-25T11:45:00Z,,,,,,,,,,,,,,,,,,,36,5146,7063,103479,posNeg,12209,103479,75,1085,cb1ee6d3f68c6de5956f21e12aed16d71a07795d,0,0,0,0,0,
20200324,NY,25665,65605,,91270,3343.0,4041.0,,,,,,B,3/24/2020 11:30,2020-03-24T11:30:00Z,03/24 07:30,210.0,4041.0,2020-03-24T11:30:00Z,,,,,,,,,,,,,,,,,,,36,4790,8191,91270,posNeg,12981,91270,96,916,3a87494f1d6ce34b98728d076cd2bc8b48d377f9,0,0,0,0,0,
20200323,NY,20875,57414,,78289,2629.0,3125.0,,,,,,B,3/23/2020 11:36,2020-03-23T11:36:00Z,03/23 07:36,114.0,3125.0,2020-03-23T11:36:00Z,,,,,,,,,,,,,,,,,,,36,5707,11181,78289,posNeg,16888,78289,0,771,bfcf55bc2ee5a6a00f619dc6a2cb508f1672f80c,0,0,0,0,0,
20200322,NY,15168,46233,,61401,2043.0,2354.0,,,,,,,3/22/2020 11:00,2020-03-22T11:00:00Z,03/22 07:00,114.0,2354.0,2020-03-22T11:00:00Z,,,,,,,,,,,,,,,,,,,36,4812,11152,61401,posNeg,15964,61401,70,823,996e4dc0a3a12377265f78e25be5e02a4a92249f,0,0,0,0,0,
20200321,NY,10356,35081,,45437,1436.0,1531.0,,,,,,,3/20/2020 21:22,2020-03-20T21:22:00Z,03/20 17:22,44.0,1531.0,2020-03-20T21:22:00Z,,,,,,,,,,,,,,,,,,,36,3254,9756,45437,posNeg,13010,45437,9,1531,375c9bd3f3fad6afc7e8bb21f5ac8ef4b8739a4a,0,0,0,0,0,
20200320,NY,7102,25325,,32427,1042.0,,,,,,,,3/20/2020 13:20,2020-03-20T13:20:00Z,03/20 09:20,35.0,,2020-03-20T13:20:00Z,,,,,,,,,,,,,,,,,,,36,2950,7193,32427,posNeg,10143,32427,23,0,e7aafebcdde573c97faef6c2afab2c374cc29334,0,0,0,0,0,
20200319,NY,4152,18132,,22284,617.0,,,,,,,,3/19/2020 13:20,2020-03-19T13:20:00Z,03/19 09:20,12.0,,2020-03-19T13:20:00Z,,,,,,,,,,,,,,,,,,,36,1770,5917,22284,posNeg,7687,22284,0,0,ab90f9852b800d399f9c34dcc8f1ffe19a32c0e8,0,0,0,0,0,
20200318,NY,2382,12215,,14597,416.0,,,,,,,,3/18/2020 15:05,2020-03-18T15:05:00Z,03/18 11:05,12.0,,2020-03-18T15:05:00Z,,,,,,,,,,,,,,,,,,,36,682,6709,14597,posNeg,7391,14597,5,0,2677367dc8eeb151e2bbcf9b19ad9420f11e66e5,0,0,0,0,0,
20200317,NY,1700,5506,,7206,325.0,,,,,,,,3/16/2020 15:00,2020-03-16T15:00:00Z,03/16 11:00,7.0,,2020-03-16T15:00:00Z,,,,,,,,,,,,,,,,,,,36,750,963,7206,posNeg,1713,7206,0,0,ccdb9c07a86d938c7491050509225e5c235b3a78,0,0,0,0,0,
20200316,NY,950,4543,,5493,,,,,,,,,3/16/2020 16:22,2020-03-16T16:22:00Z,03/16 12:22,7.0,,2020-03-16T16:22:00Z,,,,,,,,,,,,,,,,,,,36,221,0,5493,posNeg,221,5493,4,0,57192425ff18a2bbdcee76572c02b2844c40fe93,0,0,0,0,0,
20200315,NY,729,4543,,5272,,,,,,,,,3/15/2020 00:00,2020-03-15T00:00:00Z,03/14 20:00,3.0,,2020-03-15T00:00:00Z,,,,,,,,,,,,,,,,,,,36,205,1764,5272,posNeg,1969,5272,3,0,5611f4423e1c503a537239fc4f5b42aa7023618a,0,0,0,0,0,
20200314,NY,524,2779,,3303,,,,,,,,,3/14/2020 12:30,2020-03-14T12:30:00Z,03/14 08:30,,,2020-03-14T12:30:00Z,,,,,,,,,,,,,,,,,,,36,103,0,3303,posNeg,103,3303,0,0,a12739d8c83e471e0ba7d12ef9bae20fa6db782a,0,0,0,0,0,
20200313,NY,421,2779,,3200,,,,,,,,,3/12/2020 16:00,2020-03-12T16:00:00Z,03/12 12:00,,,2020-03-12T16:00:00Z,,,,,,,,,,,,,,,,,,,36,205,2687,3200,posNeg,2892,3200,0,0,e26cf87103ac3fca591aade8d14d980cfcc15864,0,0,0,0,0,
20200312,NY,216,92,,308,,,,,,,,,3/11/2020 16:00,2020-03-11T16:00:00Z,03/11 12:00,,,2020-03-11T16:00:00Z,,,,,,,,,,,,,,,,,,,36,0,0,308,posNeg,0,308,0,0,e29fb2cb689dcea80d3fbd88d34dfc62b18ad473,0,0,0,0,0,
20200311,NY,216,92,,308,,,,,,,,,,,,,,,,,,,,,,,,,,,,,,,,,36,43,0,308,posNeg,43,308,0,0,ae2bc43239bd3b6512410aa36d330df21fe7154a,0,0,0,0,0,
20200310,NY,173,92,,265,,,,,,,,,,,,,,,,,,,,,,,,,,,,,,,,,36,31,0,265,posNeg,31,265,0,0,2d0438e75fddc4c7fd644b015384bcaaabd97036,0,0,0,0,0,
20200309,NY,142,92,,234,,,,,,,,,,,,,,,,,,,,,,,,,,,,,,,,,36,37,0,234,posNeg,37,234,0,0,8ced4ee7303d4b53064272d89025d912aa9e0480,0,0,0,0,0,
20200308,NY,105,92,,197,,,,,,,,,,,,,,,,,,,,,,,,,,,,,,,,,36,29,0,197,posNeg,29,197,0,0,8b4ccf56cc9ddfaacef5d4e42a99d94dfee8af12,0,0,0,0,0,
20200307,NY,76,92,236.0,168,,,,,,,,,,,,,,,,,,,,,,,,,,,,,,,,,36,43,0,404,posNeg,43,168,0,0,5c70fd54b6db8b216a2cbb0636071acd6a1517ca,0,0,0,0,0,
20200306,NY,33,92,236.0,125,,,,,,,,,,,,,,,,,,,,,,,,,,,,,,,,,36,11,16,361,posNeg,27,125,0,0,d6fb329fc7e2f5a6593ed3c3f4cdf8302dd618e0,0,0,0,0,0,
20200305,NY,22,76,24.0,98,,,,,,,,,,,,,,,,,,,,,,,,,,,,,,,,,36,16,28,122,posNeg,44,98,0,0,4e6700472deb64bcf0ae6c56393e0cb700af0510,0,0,0,0,0,
20200304,NY,6,48,24.0,54,,,,,,,,,,,,,,,,,,14.0,,,,,,,,,,,,,,,36,0,0,78,posNeg,0,54,0,0,ff1a505a63ba0f4bed6e172d598efb21764da46f,0,0,0,0,0,
